gamma,fairness_weight,starvation_weight,utility_weight,k,soft_threshold,TAR,JFI (tasks),JFI (earnings),JFI rate,Avg Wait (m),P95 Wait (m),Avg Pickup (km),Completed,Total,elapsed_s
0.05,1.0,0.2,1.0,15,0.05,0.8628394560675055,0.5894085353352981,0.6252364524693321,0.8685290361151118,3.2697725373466957,13.577467382748921,1.5842443236765353,193465,224219,98.26350164413452
0.1,1.0,0.2,1.0,15,0.05,0.8628394560675055,0.5887066077681401,0.6255030635164557,0.8672518274953124,3.2642466368867598,13.404535148938471,1.5797905474817462,193465,224219,93.15883541107178
0.15,1.0,0.2,1.0,15,0.05,0.8628126965154603,0.5883064848368554,0.6242496968676184,0.8685018614636267,3.2885852123431096,13.537600815296173,1.5915781063729115,193459,224219,100.87885212898254
0.2,1.0,0.2,1.0,15,0.05,0.8628082365901195,0.5848185639883728,0.6262402295639699,0.8625777874398761,3.2874616941050196,13.565391356746353,1.591721907636979,193458,224219,97.58852815628052
0.3,1.0,0.2,1.0,15,0.05,0.8628260762914829,0.5851610873637284,0.6218057767131451,0.8653496018913558,3.31054923574606,13.701806759039556,1.6042085886478767,193462,224219,101.19840908050537
0.5,1.0,0.2,1.0,15,0.05,0.8628037766647786,0.5836411225227942,0.6230187071605869,0.8605668632299791,3.324291394353523,13.681929356257116,1.6104812927298304,193457,224219,109.38264012336731
