strategy,complexity,TAR,JFI (tasks),Gini (tasks),JFI (earnings),Gini (earn),JFI rate,P10 tasks,P25 tasks,CV (idle),CV (earn),Avg Wait (m),P50 Wait (m),P95 Wait (m),Avg Pickup (km),Completed,Total,elapsed_s
Greedy,"O(W) scan, nearest wins",0.8625094215922825,0.5916491867328372,0.4454988298247187,0.6107106197348245,0.5101757197120003,0.8630125818636376,0.0,2.0,2.078538100395601,0.9472854780894373,2.631830901605802,1.094152045249939,10.14564557870229,1.2834155207205813,193391,224219,369.34292101860046
k-NLF (k=15),O(k): fewest tasks (raw count),0.8626253796511446,0.6453691636250827,0.41451829359484604,0.6680023385966589,0.4598602518390418,0.8888556754259627,0.0,2.0,1.4729581371441565,0.8271570410394823,3.4760525861599336,1.36240257024765,14.339631332556406,1.7044082855179579,193417,224219,37.47916078567505
k-NTF-EPH (k=15),O(k): lowest earnings/hr,0.8626298395764855,0.6091722474096664,0.4382094426503406,0.6433171975172878,0.47919668877004273,0.8852957960814153,0.0,2.0,1.5758655860527826,0.8693940747188146,3.288447066394655,1.362373008330663,13.512384328246114,1.610314352858327,193418,224219,38.0670599937439
k-NTF-EPH (k=15),O(k): lowest earnings/hr,0.8625986200990995,0.5801950918518008,0.4626929174492546,0.6340119557722973,0.49131461523835696,0.875159651077475,0.0,2.0,1.2914373366679632,0.8956846329668627,3.9914532887006455,1.197904145717621,17.03683228492737,1.9605938176779112,193411,224219,30.555640935897827
k-NTF-IR  (k=15),O(k): highest idle ratio,0.8625941601737587,0.6193409422679051,0.43219263464097696,0.6515982070745042,0.47403118230268326,0.8845620804913177,0.0,2.0,1.5605595136535264,0.857303521229691,3.3273376642732115,1.3818555235862733,13.49463465392589,1.627432753929625,193410,224219,40.59283471107483
k-NTF-IR  (k=15),O(k): highest idle ratio,0.862527261293646,0.5849517356978701,0.4589365741612131,0.6347557522231866,0.48948305274956705,0.8755400961982662,0.0,2.0,1.2740444221693739,0.8940676181275744,4.074910444017824,1.2414371093114218,17.067224866946535,2.0010683866242336,193395,224219,34.29299831390381
